Landroid/os/flagging/AconfigPackage;->getBooleanFlagValue(Ljava/lang/String;Z)Z,public-api,sdk,system-api,test-api
Landroid/os/flagging/AconfigPackage;->load(Ljava/lang/String;)Landroid/os/flagging/AconfigPackage;,public-api,sdk,system-api,test-api
Landroid/os/flagging/AconfigPackageInternal;->getBooleanFlagValue(I)Z,unsupported
Landroid/os/flagging/AconfigPackageInternal;->load(Ljava/lang/String;J)Landroid/os/flagging/AconfigPackageInternal;,unsupported
Landroid/os/flagging/AconfigStorageReadException;-><init>(ILjava/lang/String;)V,public-api,sdk,system-api,test-api
Landroid/os/flagging/AconfigStorageReadException;-><init>(ILjava/lang/String;Ljava/lang/Throwable;)V,public-api,sdk,system-api,test-api
Landroid/os/flagging/AconfigStorageReadException;-><init>(ILjava/lang/Throwable;)V,public-api,sdk,system-api,test-api
Landroid/os/flagging/AconfigStorageReadException;->ERROR_CANNOT_READ_STORAGE_FILE:I,public-api,sdk,system-api,test-api
Landroid/os/flagging/AconfigStorageReadException;->ERROR_CONTAINER_NOT_FOUND:I,public-api,sdk,system-api,test-api
Landroid/os/flagging/AconfigStorageReadException;->ERROR_FILE_FINGERPRINT_MISMATCH:I,unsupported
Landroid/os/flagging/AconfigStorageReadException;->ERROR_GENERIC:I,public-api,sdk,system-api,test-api
Landroid/os/flagging/AconfigStorageReadException;->ERROR_PACKAGE_NOT_FOUND:I,public-api,sdk,system-api,test-api
Landroid/os/flagging/AconfigStorageReadException;->ERROR_STORAGE_SYSTEM_NOT_FOUND:I,public-api,sdk,system-api,test-api
Landroid/os/flagging/AconfigStorageReadException;->getErrorCode()I,public-api,sdk,system-api,test-api
Landroid/os/flagging/AconfigStorageReadException;->getMessage()Ljava/lang/String;,core-platform-api,public-api,sdk,system-api,test-api
Landroid/os/flagging/AconfigStorageWriteException;-><init>(Ljava/lang/String;)V,sdk,system-api,test-api
Landroid/os/flagging/AconfigStorageWriteException;-><init>(Ljava/lang/String;Ljava/lang/Throwable;)V,sdk,system-api,test-api
Landroid/os/flagging/ConfigInfrastructureFrameworkInitializer$$ExternalSyntheticLambda0;->createService(Landroid/content/Context;)Ljava/lang/Object;,sdk,system-api,test-api
Landroid/os/flagging/FlagManager;->clearBooleanLocalOverridesImmediately(Ljava/util/Set;)V,sdk,system-api,test-api
Landroid/os/flagging/FlagManager;->clearBooleanLocalOverridesOnReboot(Ljava/util/Set;)V,sdk,system-api,test-api
Landroid/os/flagging/FlagManager;->setBooleanLocalOverridesImmediately(Ljava/util/Map;)V,sdk,system-api,test-api
Landroid/os/flagging/FlagManager;->setBooleanLocalOverridesOnReboot(Ljava/util/Map;)V,sdk,system-api,test-api
Landroid/os/flagging/FlagManager;->setBooleanOverridesOnReboot(Ljava/util/Map;)V,sdk,system-api,test-api
Landroid/os/flagging/FlagManager;->setBooleanOverridesOnSystemBuildFingerprint(Ljava/lang/String;Ljava/util/Map;)V,sdk,system-api,test-api
Landroid/provider/DeviceConfig$$ExternalSyntheticLambda0;->run()V,core-platform-api,public-api,sdk,system-api,test-api
Landroid/provider/DeviceConfig$$ExternalSyntheticLambda1;->compare(Ljava/lang/Object;Ljava/lang/Object;)I,core-platform-api,public-api,sdk,system-api,test-api
Landroid/provider/DeviceConfig$1;->onChange(ZLandroid/net/Uri;)V,public-api,sdk,system-api,test-api
Landroid/provider/DeviceConfig$BadConfigException;-><init>()V,sdk,system-api,test-api
Landroid/provider/DeviceConfig$MonitorCallback;->onDeviceConfigAccess(Ljava/lang/String;Ljava/lang/String;)V,sdk,system-api,test-api
Landroid/provider/DeviceConfig$MonitorCallback;->onNamespaceUpdate(Ljava/lang/String;)V,sdk,system-api,test-api
Landroid/provider/DeviceConfig$OnPropertiesChangedListener;->onPropertiesChanged(Landroid/provider/DeviceConfig$Properties;)V,sdk,system-api,test-api
Landroid/provider/DeviceConfig$Properties$Builder;-><init>(Ljava/lang/String;)V,sdk,system-api,test-api
Landroid/provider/DeviceConfig$Properties$Builder;->build()Landroid/provider/DeviceConfig$Properties;,sdk,system-api,test-api
Landroid/provider/DeviceConfig$Properties$Builder;->setBoolean(Ljava/lang/String;Z)Landroid/provider/DeviceConfig$Properties$Builder;,sdk,system-api,test-api
Landroid/provider/DeviceConfig$Properties$Builder;->setFloat(Ljava/lang/String;F)Landroid/provider/DeviceConfig$Properties$Builder;,sdk,system-api,test-api
Landroid/provider/DeviceConfig$Properties$Builder;->setInt(Ljava/lang/String;I)Landroid/provider/DeviceConfig$Properties$Builder;,sdk,system-api,test-api
Landroid/provider/DeviceConfig$Properties$Builder;->setLong(Ljava/lang/String;J)Landroid/provider/DeviceConfig$Properties$Builder;,sdk,system-api,test-api
Landroid/provider/DeviceConfig$Properties$Builder;->setString(Ljava/lang/String;Ljava/lang/String;)Landroid/provider/DeviceConfig$Properties$Builder;,sdk,system-api,test-api
Landroid/provider/DeviceConfig$Properties;->getBoolean(Ljava/lang/String;Z)Z,sdk,system-api,test-api
Landroid/provider/DeviceConfig$Properties;->getFloat(Ljava/lang/String;F)F,sdk,system-api,test-api
Landroid/provider/DeviceConfig$Properties;->getInt(Ljava/lang/String;I)I,sdk,system-api,test-api
Landroid/provider/DeviceConfig$Properties;->getKeyset()Ljava/util/Set;,sdk,system-api,test-api
Landroid/provider/DeviceConfig$Properties;->getLong(Ljava/lang/String;J)J,sdk,system-api,test-api
Landroid/provider/DeviceConfig$Properties;->getNamespace()Ljava/lang/String;,sdk,system-api,test-api
Landroid/provider/DeviceConfig$Properties;->getString(Ljava/lang/String;Ljava/lang/String;)Ljava/lang/String;,sdk,system-api,test-api
Landroid/provider/DeviceConfig;->NAMESPACE_ACCESSIBILITY:Ljava/lang/String;,sdk,system-api,test-api
Landroid/provider/DeviceConfig;->NAMESPACE_ACTIVITY_MANAGER:Ljava/lang/String;,sdk,system-api,test-api
Landroid/provider/DeviceConfig;->NAMESPACE_ACTIVITY_MANAGER_NATIVE_BOOT:Ljava/lang/String;,sdk,system-api,test-api
Landroid/provider/DeviceConfig;->NAMESPACE_ADSERVICES:Ljava/lang/String;,sdk,system-api,test-api
Landroid/provider/DeviceConfig;->NAMESPACE_AMBIENT_CONTEXT_MANAGER_SERVICE:Ljava/lang/String;,sdk,system-api,test-api
Landroid/provider/DeviceConfig;->NAMESPACE_ANDROID:Ljava/lang/String;,sdk,system-api,test-api
Landroid/provider/DeviceConfig;->NAMESPACE_APPSEARCH:Ljava/lang/String;,sdk,system-api,test-api
Landroid/provider/DeviceConfig;->NAMESPACE_APP_COMPAT:Ljava/lang/String;,sdk,system-api,test-api
Landroid/provider/DeviceConfig;->NAMESPACE_APP_COMPAT_OVERRIDES:Ljava/lang/String;,sdk,system-api,test-api
Landroid/provider/DeviceConfig;->NAMESPACE_APP_HIBERNATION:Ljava/lang/String;,sdk,system-api,test-api
Landroid/provider/DeviceConfig;->NAMESPACE_ATTENTION_MANAGER_SERVICE:Ljava/lang/String;,sdk,system-api,test-api
Landroid/provider/DeviceConfig;->NAMESPACE_AUTOFILL:Ljava/lang/String;,sdk,system-api,test-api
Landroid/provider/DeviceConfig;->NAMESPACE_AUTO_PIN_CONFIRMATION:Ljava/lang/String;,sdk,system-api,test-api
Landroid/provider/DeviceConfig;->NAMESPACE_BACKUP_AND_RESTORE:Ljava/lang/String;,sdk,system-api,test-api
Landroid/provider/DeviceConfig;->NAMESPACE_BATTERY_SAVER:Ljava/lang/String;,sdk,system-api,test-api
Landroid/provider/DeviceConfig;->NAMESPACE_BIOMETRICS:Ljava/lang/String;,sdk,system-api,test-api
Landroid/provider/DeviceConfig;->NAMESPACE_BLOBSTORE:Ljava/lang/String;,sdk,system-api,test-api
Landroid/provider/DeviceConfig;->NAMESPACE_BLUETOOTH:Ljava/lang/String;,sdk,system-api,test-api
Landroid/provider/DeviceConfig;->NAMESPACE_CAMERA_NATIVE:Ljava/lang/String;,sdk,system-api,test-api
Landroid/provider/DeviceConfig;->NAMESPACE_CAPTIVEPORTALLOGIN:Ljava/lang/String;,sdk,system-api,test-api
Landroid/provider/DeviceConfig;->NAMESPACE_CELLULAR_SECURITY:Ljava/lang/String;,sdk,system-api,test-api
Landroid/provider/DeviceConfig;->NAMESPACE_CLIPBOARD:Ljava/lang/String;,sdk,system-api,test-api
Landroid/provider/DeviceConfig;->NAMESPACE_CONNECTIVITY:Ljava/lang/String;,sdk,system-api,test-api
Landroid/provider/DeviceConfig;->NAMESPACE_CONSTRAIN_DISPLAY_APIS:Ljava/lang/String;,sdk,system-api,test-api
Landroid/provider/DeviceConfig;->NAMESPACE_CONTENT_CAPTURE:Ljava/lang/String;,sdk,system-api,test-api
Landroid/provider/DeviceConfig;->NAMESPACE_CORE_EXPERIMENTS_TEAM_INTERNAL:Ljava/lang/String;,sdk,system-api,test-api
Landroid/provider/DeviceConfig;->NAMESPACE_CREDENTIAL:Ljava/lang/String;,sdk,system-api,test-api
Landroid/provider/DeviceConfig;->NAMESPACE_DEX_BOOT:Ljava/lang/String;,sdk,system-api,test-api
Landroid/provider/DeviceConfig;->NAMESPACE_DISPLAY_MANAGER:Ljava/lang/String;,sdk,system-api,test-api
Landroid/provider/DeviceConfig;->NAMESPACE_EDGETPU_NATIVE:Ljava/lang/String;,sdk,system-api,test-api
Landroid/provider/DeviceConfig;->NAMESPACE_GAME_DRIVER:Ljava/lang/String;,sdk,system-api,test-api
Landroid/provider/DeviceConfig;->NAMESPACE_HDMI_CONTROL:Ljava/lang/String;,sdk,system-api,test-api
Landroid/provider/DeviceConfig;->NAMESPACE_HEALTH_FITNESS:Ljava/lang/String;,sdk,system-api,test-api
Landroid/provider/DeviceConfig;->NAMESPACE_INPUT_METHOD_MANAGER:Ljava/lang/String;,sdk,system-api,test-api
Landroid/provider/DeviceConfig;->NAMESPACE_INPUT_NATIVE_BOOT:Ljava/lang/String;,sdk,system-api,test-api
Landroid/provider/DeviceConfig;->NAMESPACE_INTELLIGENCE_ATTENTION:Ljava/lang/String;,sdk,system-api,test-api
Landroid/provider/DeviceConfig;->NAMESPACE_JOB_SCHEDULER:Ljava/lang/String;,sdk,system-api,test-api
Landroid/provider/DeviceConfig;->NAMESPACE_LMKD_NATIVE:Ljava/lang/String;,sdk,system-api,test-api
Landroid/provider/DeviceConfig;->NAMESPACE_LOCATION:Ljava/lang/String;,sdk,system-api,test-api
Landroid/provider/DeviceConfig;->NAMESPACE_MEDIA:Ljava/lang/String;,sdk,system-api,test-api
Landroid/provider/DeviceConfig;->NAMESPACE_MEDIA_NATIVE:Ljava/lang/String;,sdk,system-api,test-api
Landroid/provider/DeviceConfig;->NAMESPACE_NEARBY:Ljava/lang/String;,sdk,system-api,test-api
Landroid/provider/DeviceConfig;->NAMESPACE_NETD_NATIVE:Ljava/lang/String;,sdk,system-api,test-api
Landroid/provider/DeviceConfig;->NAMESPACE_NFC:Ljava/lang/String;,sdk,system-api,test-api
Landroid/provider/DeviceConfig;->NAMESPACE_NNAPI_NATIVE:Ljava/lang/String;,sdk,system-api,test-api
Landroid/provider/DeviceConfig;->NAMESPACE_ON_DEVICE_PERSONALIZATION:Ljava/lang/String;,sdk,system-api,test-api
Landroid/provider/DeviceConfig;->NAMESPACE_OTA:Ljava/lang/String;,sdk,system-api,test-api
Landroid/provider/DeviceConfig;->NAMESPACE_PACKAGE_MANAGER_SERVICE:Ljava/lang/String;,sdk,system-api,test-api
Landroid/provider/DeviceConfig;->NAMESPACE_PERMISSIONS:Ljava/lang/String;,sdk,system-api,test-api
Landroid/provider/DeviceConfig;->NAMESPACE_PRIVACY:Ljava/lang/String;,sdk,system-api,test-api
Landroid/provider/DeviceConfig;->NAMESPACE_PROFCOLLECT_NATIVE_BOOT:Ljava/lang/String;,sdk,system-api,test-api
Landroid/provider/DeviceConfig;->NAMESPACE_REBOOT_READINESS:Ljava/lang/String;,sdk,system-api,test-api
Landroid/provider/DeviceConfig;->NAMESPACE_REMOTE_AUTH:Ljava/lang/String;,sdk,system-api,test-api
Landroid/provider/DeviceConfig;->NAMESPACE_ROLLBACK:Ljava/lang/String;,sdk,system-api,test-api
Landroid/provider/DeviceConfig;->NAMESPACE_ROLLBACK_BOOT:Ljava/lang/String;,sdk,system-api,test-api
Landroid/provider/DeviceConfig;->NAMESPACE_RUNTIME:Ljava/lang/String;,sdk,system-api,test-api
Landroid/provider/DeviceConfig;->NAMESPACE_RUNTIME_NATIVE:Ljava/lang/String;,sdk,system-api,test-api
Landroid/provider/DeviceConfig;->NAMESPACE_RUNTIME_NATIVE_BOOT:Ljava/lang/String;,sdk,system-api,test-api
Landroid/provider/DeviceConfig;->NAMESPACE_SCHEDULER:Ljava/lang/String;,sdk,system-api,test-api
Landroid/provider/DeviceConfig;->NAMESPACE_SDK_SANDBOX:Ljava/lang/String;,sdk,system-api,test-api
Landroid/provider/DeviceConfig;->NAMESPACE_SELECTION_TOOLBAR:Ljava/lang/String;,sdk,system-api,test-api
Landroid/provider/DeviceConfig;->NAMESPACE_STATSD_JAVA:Ljava/lang/String;,sdk,system-api,test-api
Landroid/provider/DeviceConfig;->NAMESPACE_STATSD_JAVA_BOOT:Ljava/lang/String;,sdk,system-api,test-api
Landroid/provider/DeviceConfig;->NAMESPACE_STATSD_NATIVE:Ljava/lang/String;,sdk,system-api,test-api
Landroid/provider/DeviceConfig;->NAMESPACE_STATSD_NATIVE_BOOT:Ljava/lang/String;,sdk,system-api,test-api
Landroid/provider/DeviceConfig;->NAMESPACE_STORAGE:Ljava/lang/String;,sdk,system-api,test-api
Landroid/provider/DeviceConfig;->NAMESPACE_STORAGE_NATIVE_BOOT:Ljava/lang/String;,sdk,system-api,test-api
Landroid/provider/DeviceConfig;->NAMESPACE_SURFACE_FLINGER_NATIVE_BOOT:Ljava/lang/String;,sdk,system-api,test-api
Landroid/provider/DeviceConfig;->NAMESPACE_SWCODEC_NATIVE:Ljava/lang/String;,sdk,system-api,test-api
Landroid/provider/DeviceConfig;->NAMESPACE_SYSTEMUI:Ljava/lang/String;,sdk,system-api,test-api
Landroid/provider/DeviceConfig;->NAMESPACE_SYSTEM_TIME:Ljava/lang/String;,sdk,system-api,test-api
Landroid/provider/DeviceConfig;->NAMESPACE_TELEPHONY:Ljava/lang/String;,sdk,system-api,test-api
Landroid/provider/DeviceConfig;->NAMESPACE_TETHERING:Ljava/lang/String;,sdk,system-api,test-api
Landroid/provider/DeviceConfig;->NAMESPACE_TEXTCLASSIFIER:Ljava/lang/String;,sdk,system-api,test-api
Landroid/provider/DeviceConfig;->NAMESPACE_UWB:Ljava/lang/String;,sdk,system-api,test-api
Landroid/provider/DeviceConfig;->NAMESPACE_WEARABLE_SENSING:Ljava/lang/String;,sdk,system-api,test-api
Landroid/provider/DeviceConfig;->NAMESPACE_WINDOW_MANAGER_NATIVE_BOOT:Ljava/lang/String;,sdk,system-api,test-api
Landroid/provider/DeviceConfig;->SYNC_DISABLED_MODE_NONE:I,sdk,system-api,test-api
Landroid/provider/DeviceConfig;->SYNC_DISABLED_MODE_PERSISTENT:I,sdk,system-api,test-api
Landroid/provider/DeviceConfig;->SYNC_DISABLED_MODE_UNTIL_REBOOT:I,sdk,system-api,test-api
Landroid/provider/DeviceConfig;->addOnPropertiesChangedListener(Ljava/lang/String;Ljava/util/concurrent/Executor;Landroid/provider/DeviceConfig$OnPropertiesChangedListener;)V,sdk,system-api,test-api
Landroid/provider/DeviceConfig;->clearAllLocalOverrides()V,sdk,system-api,test-api
Landroid/provider/DeviceConfig;->clearLocalOverride(Ljava/lang/String;Ljava/lang/String;)V,sdk,system-api,test-api
Landroid/provider/DeviceConfig;->clearMonitorCallback(Landroid/content/ContentResolver;)V,sdk,system-api,test-api
Landroid/provider/DeviceConfig;->deleteProperty(Ljava/lang/String;Ljava/lang/String;)Z,sdk,system-api,test-api
Landroid/provider/DeviceConfig;->getAdbWritableFlags()Ljava/util/Set;,sdk,system-api,test-api
Landroid/provider/DeviceConfig;->getAdbWritableNamespaces()Ljava/util/Set;,sdk,system-api,test-api
Landroid/provider/DeviceConfig;->getAllProperties()Ljava/util/Set;,sdk,system-api,test-api
Landroid/provider/DeviceConfig;->getBoolean(Ljava/lang/String;Ljava/lang/String;Z)Z,sdk,system-api,test-api
Landroid/provider/DeviceConfig;->getFloat(Ljava/lang/String;Ljava/lang/String;F)F,sdk,system-api,test-api
Landroid/provider/DeviceConfig;->getInt(Ljava/lang/String;Ljava/lang/String;I)I,sdk,system-api,test-api
Landroid/provider/DeviceConfig;->getLong(Ljava/lang/String;Ljava/lang/String;J)J,sdk,system-api,test-api
Landroid/provider/DeviceConfig;->getProperties(Ljava/lang/String;[Ljava/lang/String;)Landroid/provider/DeviceConfig$Properties;,sdk,system-api,test-api
Landroid/provider/DeviceConfig;->getProperty(Ljava/lang/String;Ljava/lang/String;)Ljava/lang/String;,sdk,system-api,test-api
Landroid/provider/DeviceConfig;->getPublicNamespaces()Ljava/util/List;,sdk,system-api,test-api
Landroid/provider/DeviceConfig;->getString(Ljava/lang/String;Ljava/lang/String;Ljava/lang/String;)Ljava/lang/String;,sdk,system-api,test-api
Landroid/provider/DeviceConfig;->getSyncDisabledMode()I,sdk,system-api,test-api
Landroid/provider/DeviceConfig;->getUnderlyingValuesForOverriddenFlags()Ljava/util/Map;,sdk,system-api,test-api
Landroid/provider/DeviceConfig;->removeOnPropertiesChangedListener(Landroid/provider/DeviceConfig$OnPropertiesChangedListener;)V,sdk,system-api,test-api
Landroid/provider/DeviceConfig;->resetToDefaults(ILjava/lang/String;)V,sdk,system-api,test-api
Landroid/provider/DeviceConfig;->setLocalOverride(Ljava/lang/String;Ljava/lang/String;Ljava/lang/String;)Z,sdk,system-api,test-api
Landroid/provider/DeviceConfig;->setMonitorCallback(Landroid/content/ContentResolver;Ljava/util/concurrent/Executor;Landroid/provider/DeviceConfig$MonitorCallback;)V,sdk,system-api,test-api
Landroid/provider/DeviceConfig;->setProperties(Landroid/provider/DeviceConfig$Properties;)Z,sdk,system-api,test-api
Landroid/provider/DeviceConfig;->setProperty(Ljava/lang/String;Ljava/lang/String;Ljava/lang/String;Z)Z,sdk,system-api,test-api
Landroid/provider/DeviceConfig;->setSyncDisabledMode(I)V,sdk,system-api,test-api
Landroid/provider/UpdatableDeviceConfigServiceReadiness;->shouldStartUpdatableService()Z,sdk,system-api,test-api
Landroid/provider/aidl/IDeviceConfigManager$Default;->asBinder()Landroid/os/IBinder;,public-api,sdk,system-api,test-api
Landroid/provider/aidl/IDeviceConfigManager$Stub$$ExternalSyntheticLambda0;->accept(Ljava/lang/Object;Ljava/lang/Object;)V,core-platform-api,public-api,sdk,system-api,test-api
Landroid/provider/aidl/IDeviceConfigManager$Stub$$ExternalSyntheticLambda1;->accept(I)V,core-platform-api,public-api,sdk,system-api,test-api
Landroid/provider/aidl/IDeviceConfigManager$Stub$Proxy$$ExternalSyntheticLambda0;->accept(Ljava/lang/Object;Ljava/lang/Object;)V,core-platform-api,public-api,sdk,system-api,test-api
Landroid/provider/aidl/IDeviceConfigManager$Stub$Proxy$$ExternalSyntheticLambda1;->accept(I)V,core-platform-api,public-api,sdk,system-api,test-api
Landroid/provider/aidl/IDeviceConfigManager$Stub$Proxy;->asBinder()Landroid/os/IBinder;,public-api,sdk,system-api,test-api
Landroid/provider/aidl/IDeviceConfigManager$Stub;->asBinder()Landroid/os/IBinder;,public-api,sdk,system-api,test-api
Landroid/provider/aidl/IDeviceConfigManager$Stub;->onTransact(ILandroid/os/Parcel;Landroid/os/Parcel;I)Z,public-api,sdk,system-api,test-api
Landroid/provider/configinfra/internal/protobuf/AbstractMessageLite$Builder$LimitedInputStream;->available()I,core-platform-api,public-api,sdk,system-api,test-api
Landroid/provider/configinfra/internal/protobuf/AbstractMessageLite$Builder$LimitedInputStream;->read()I,core-platform-api,public-api,sdk,system-api,test-api
Landroid/provider/configinfra/internal/protobuf/AbstractMessageLite$Builder$LimitedInputStream;->read([BII)I,core-platform-api,public-api,sdk,system-api,test-api
Landroid/provider/configinfra/internal/protobuf/AbstractMessageLite$Builder$LimitedInputStream;->skip(J)J,core-platform-api,public-api,sdk,system-api,test-api
Landroid/provider/configinfra/internal/protobuf/AbstractMessageLite$Builder;->clone()Ljava/lang/Object;,core-platform-api,public-api,sdk,system-api,test-api
Landroid/provider/configinfra/internal/protobuf/AbstractProtobufList;->add(ILjava/lang/Object;)V,core-platform-api,public-api,sdk,system-api,test-api
Landroid/provider/configinfra/internal/protobuf/AbstractProtobufList;->add(Ljava/lang/Object;)Z,core-platform-api,public-api,sdk,system-api,test-api
Landroid/provider/configinfra/internal/protobuf/AbstractProtobufList;->addAll(ILjava/util/Collection;)Z,core-platform-api,public-api,sdk,system-api,test-api
Landroid/provider/configinfra/internal/protobuf/AbstractProtobufList;->addAll(Ljava/util/Collection;)Z,core-platform-api,public-api,sdk,system-api,test-api
Landroid/provider/configinfra/internal/protobuf/AbstractProtobufList;->clear()V,core-platform-api,public-api,sdk,system-api,test-api
Landroid/provider/configinfra/internal/protobuf/AbstractProtobufList;->equals(Ljava/lang/Object;)Z,core-platform-api,public-api,sdk,system-api,test-api
Landroid/provider/configinfra/internal/protobuf/AbstractProtobufList;->hashCode()I,core-platform-api,public-api,sdk,system-api,test-api
Landroid/provider/configinfra/internal/protobuf/AbstractProtobufList;->remove(I)Ljava/lang/Object;,core-platform-api,public-api,sdk,system-api,test-api
Landroid/provider/configinfra/internal/protobuf/AbstractProtobufList;->remove(Ljava/lang/Object;)Z,core-platform-api,public-api,sdk,system-api,test-api
Landroid/provider/configinfra/internal/protobuf/AbstractProtobufList;->removeAll(Ljava/util/Collection;)Z,core-platform-api,public-api,sdk,system-api,test-api
Landroid/provider/configinfra/internal/protobuf/AbstractProtobufList;->retainAll(Ljava/util/Collection;)Z,core-platform-api,public-api,sdk,system-api,test-api
Landroid/provider/configinfra/internal/protobuf/AbstractProtobufList;->set(ILjava/lang/Object;)Ljava/lang/Object;,core-platform-api,public-api,sdk,system-api,test-api
Landroid/provider/configinfra/internal/protobuf/BooleanArrayList;->add(ILjava/lang/Object;)V,core-platform-api,public-api,sdk,system-api,test-api
Landroid/provider/configinfra/internal/protobuf/BooleanArrayList;->add(Ljava/lang/Object;)Z,core-platform-api,public-api,sdk,system-api,test-api
Landroid/provider/configinfra/internal/protobuf/BooleanArrayList;->addAll(Ljava/util/Collection;)Z,core-platform-api,public-api,sdk,system-api,test-api
Landroid/provider/configinfra/internal/protobuf/BooleanArrayList;->contains(Ljava/lang/Object;)Z,core-platform-api,public-api,sdk,system-api,test-api
Landroid/provider/configinfra/internal/protobuf/BooleanArrayList;->equals(Ljava/lang/Object;)Z,core-platform-api,public-api,sdk,system-api,test-api
Landroid/provider/configinfra/internal/protobuf/BooleanArrayList;->get(I)Ljava/lang/Object;,core-platform-api,public-api,sdk,system-api,test-api
Landroid/provider/configinfra/internal/protobuf/BooleanArrayList;->hashCode()I,core-platform-api,public-api,sdk,system-api,test-api
Landroid/provider/configinfra/internal/protobuf/BooleanArrayList;->indexOf(Ljava/lang/Object;)I,core-platform-api,public-api,sdk,system-api,test-api
Landroid/provider/configinfra/internal/protobuf/BooleanArrayList;->remove(I)Ljava/lang/Object;,core-platform-api,public-api,sdk,system-api,test-api
Landroid/provider/configinfra/internal/protobuf/BooleanArrayList;->removeRange(II)V,core-platform-api,public-api,sdk,system-api,test-api
Landroid/provider/configinfra/internal/protobuf/BooleanArrayList;->set(ILjava/lang/Object;)Ljava/lang/Object;,core-platform-api,public-api,sdk,system-api,test-api
Landroid/provider/configinfra/internal/protobuf/BooleanArrayList;->size()I,core-platform-api,public-api,sdk,system-api,test-api
Landroid/provider/configinfra/internal/protobuf/ByteString$1;->hasNext()Z,core-platform-api,public-api,sdk,system-api,test-api
Landroid/provider/configinfra/internal/protobuf/ByteString$2;->compare(Ljava/lang/Object;Ljava/lang/Object;)I,core-platform-api,public-api,sdk,system-api,test-api
Landroid/provider/configinfra/internal/protobuf/ByteString$AbstractByteIterator;->next()Ljava/lang/Object;,core-platform-api,public-api,sdk,system-api,test-api
Landroid/provider/configinfra/internal/protobuf/ByteString$AbstractByteIterator;->remove()V,core-platform-api,public-api,sdk,system-api,test-api
Landroid/provider/configinfra/internal/protobuf/ByteString$BoundedByteString;->readObject(Ljava/io/ObjectInputStream;)V,sdk
Landroid/provider/configinfra/internal/protobuf/ByteString$BoundedByteString;->serialVersionUID:J,sdk
Landroid/provider/configinfra/internal/protobuf/ByteString$BoundedByteString;->writeReplace()Ljava/lang/Object;,sdk
Landroid/provider/configinfra/internal/protobuf/ByteString$LiteralByteString;->equals(Ljava/lang/Object;)Z,core-platform-api,public-api,sdk,system-api,test-api
Landroid/provider/configinfra/internal/protobuf/ByteString$LiteralByteString;->serialVersionUID:J,sdk
Landroid/provider/configinfra/internal/protobuf/ByteString$Output;->toString()Ljava/lang/String;,core-platform-api,public-api,sdk,system-api,test-api
Landroid/provider/configinfra/internal/protobuf/ByteString$Output;->write(I)V,core-platform-api,public-api,sdk,system-api,test-api
Landroid/provider/configinfra/internal/protobuf/ByteString$Output;->write([BII)V,core-platform-api,public-api,sdk,system-api,test-api
Landroid/provider/configinfra/internal/protobuf/ByteString;->equals(Ljava/lang/Object;)Z,core-platform-api,public-api,sdk,system-api,test-api
Landroid/provider/configinfra/internal/protobuf/ByteString;->hashCode()I,core-platform-api,public-api,sdk,system-api,test-api
Landroid/provider/configinfra/internal/protobuf/ByteString;->iterator()Ljava/util/Iterator;,core-platform-api,public-api,sdk,system-api,test-api
Landroid/provider/configinfra/internal/protobuf/ByteString;->toString()Ljava/lang/String;,core-platform-api,public-api,sdk,system-api,test-api
Landroid/provider/configinfra/internal/protobuf/CodedOutputStream$OutOfSpaceException;->serialVersionUID:J,sdk
Landroid/provider/configinfra/internal/protobuf/DoubleArrayList;->add(ILjava/lang/Object;)V,core-platform-api,public-api,sdk,system-api,test-api
Landroid/provider/configinfra/internal/protobuf/DoubleArrayList;->add(Ljava/lang/Object;)Z,core-platform-api,public-api,sdk,system-api,test-api
Landroid/provider/configinfra/internal/protobuf/DoubleArrayList;->addAll(Ljava/util/Collection;)Z,core-platform-api,public-api,sdk,system-api,test-api
Landroid/provider/configinfra/internal/protobuf/DoubleArrayList;->contains(Ljava/lang/Object;)Z,core-platform-api,public-api,sdk,system-api,test-api
Landroid/provider/configinfra/internal/protobuf/DoubleArrayList;->equals(Ljava/lang/Object;)Z,core-platform-api,public-api,sdk,system-api,test-api
Landroid/provider/configinfra/internal/protobuf/DoubleArrayList;->get(I)Ljava/lang/Object;,core-platform-api,public-api,sdk,system-api,test-api
Landroid/provider/configinfra/internal/protobuf/DoubleArrayList;->hashCode()I,core-platform-api,public-api,sdk,system-api,test-api
Landroid/provider/configinfra/internal/protobuf/DoubleArrayList;->indexOf(Ljava/lang/Object;)I,core-platform-api,public-api,sdk,system-api,test-api
Landroid/provider/configinfra/internal/protobuf/DoubleArrayList;->remove(I)Ljava/lang/Object;,core-platform-api,public-api,sdk,system-api,test-api
Landroid/provider/configinfra/internal/protobuf/DoubleArrayList;->removeRange(II)V,core-platform-api,public-api,sdk,system-api,test-api
Landroid/provider/configinfra/internal/protobuf/DoubleArrayList;->set(ILjava/lang/Object;)Ljava/lang/Object;,core-platform-api,public-api,sdk,system-api,test-api
Landroid/provider/configinfra/internal/protobuf/DoubleArrayList;->size()I,core-platform-api,public-api,sdk,system-api,test-api
Landroid/provider/configinfra/internal/protobuf/ExtensionRegistryLite$ObjectIntPair;->equals(Ljava/lang/Object;)Z,core-platform-api,public-api,sdk,system-api,test-api
Landroid/provider/configinfra/internal/protobuf/ExtensionRegistryLite$ObjectIntPair;->hashCode()I,core-platform-api,public-api,sdk,system-api,test-api
Landroid/provider/configinfra/internal/protobuf/FieldInfo;->compareTo(Ljava/lang/Object;)I,core-platform-api,public-api,sdk,system-api,test-api
Landroid/provider/configinfra/internal/protobuf/FieldSet;->clone()Ljava/lang/Object;,core-platform-api,public-api,sdk,system-api,test-api
Landroid/provider/configinfra/internal/protobuf/FieldSet;->equals(Ljava/lang/Object;)Z,core-platform-api,public-api,sdk,system-api,test-api
Landroid/provider/configinfra/internal/protobuf/FieldSet;->hashCode()I,core-platform-api,public-api,sdk,system-api,test-api
Landroid/provider/configinfra/internal/protobuf/FloatArrayList;->add(ILjava/lang/Object;)V,core-platform-api,public-api,sdk,system-api,test-api
Landroid/provider/configinfra/internal/protobuf/FloatArrayList;->add(Ljava/lang/Object;)Z,core-platform-api,public-api,sdk,system-api,test-api
Landroid/provider/configinfra/internal/protobuf/FloatArrayList;->addAll(Ljava/util/Collection;)Z,core-platform-api,public-api,sdk,system-api,test-api
Landroid/provider/configinfra/internal/protobuf/FloatArrayList;->contains(Ljava/lang/Object;)Z,core-platform-api,public-api,sdk,system-api,test-api
Landroid/provider/configinfra/internal/protobuf/FloatArrayList;->equals(Ljava/lang/Object;)Z,core-platform-api,public-api,sdk,system-api,test-api
Landroid/provider/configinfra/internal/protobuf/FloatArrayList;->get(I)Ljava/lang/Object;,core-platform-api,public-api,sdk,system-api,test-api
Landroid/provider/configinfra/internal/protobuf/FloatArrayList;->hashCode()I,core-platform-api,public-api,sdk,system-api,test-api
Landroid/provider/configinfra/internal/protobuf/FloatArrayList;->indexOf(Ljava/lang/Object;)I,core-platform-api,public-api,sdk,system-api,test-api
Landroid/provider/configinfra/internal/protobuf/FloatArrayList;->remove(I)Ljava/lang/Object;,core-platform-api,public-api,sdk,system-api,test-api
Landroid/provider/configinfra/internal/protobuf/FloatArrayList;->removeRange(II)V,core-platform-api,public-api,sdk,system-api,test-api
Landroid/provider/configinfra/internal/protobuf/FloatArrayList;->set(ILjava/lang/Object;)Ljava/lang/Object;,core-platform-api,public-api,sdk,system-api,test-api
Landroid/provider/configinfra/internal/protobuf/FloatArrayList;->size()I,core-platform-api,public-api,sdk,system-api,test-api
Landroid/provider/configinfra/internal/protobuf/GeneratedMessageLite$Builder;->clone()Ljava/lang/Object;,core-platform-api,public-api,sdk,system-api,test-api
Landroid/provider/configinfra/internal/protobuf/GeneratedMessageLite$ExtensionDescriptor;->compareTo(Ljava/lang/Object;)I,core-platform-api,public-api,sdk,system-api,test-api
Landroid/provider/configinfra/internal/protobuf/GeneratedMessageLite$SerializedForm;->readResolve()Ljava/lang/Object;,sdk
Landroid/provider/configinfra/internal/protobuf/GeneratedMessageLite$SerializedForm;->serialVersionUID:J,sdk
Landroid/provider/configinfra/internal/protobuf/GeneratedMessageLite;->equals(Ljava/lang/Object;)Z,core-platform-api,public-api,sdk,system-api,test-api
Landroid/provider/configinfra/internal/protobuf/GeneratedMessageLite;->hashCode()I,core-platform-api,public-api,sdk,system-api,test-api
Landroid/provider/configinfra/internal/protobuf/GeneratedMessageLite;->toString()Ljava/lang/String;,core-platform-api,public-api,sdk,system-api,test-api
Landroid/provider/configinfra/internal/protobuf/IntArrayList;->add(ILjava/lang/Object;)V,core-platform-api,public-api,sdk,system-api,test-api
Landroid/provider/configinfra/internal/protobuf/IntArrayList;->add(Ljava/lang/Object;)Z,core-platform-api,public-api,sdk,system-api,test-api
Landroid/provider/configinfra/internal/protobuf/IntArrayList;->addAll(Ljava/util/Collection;)Z,core-platform-api,public-api,sdk,system-api,test-api
Landroid/provider/configinfra/internal/protobuf/IntArrayList;->contains(Ljava/lang/Object;)Z,core-platform-api,public-api,sdk,system-api,test-api
Landroid/provider/configinfra/internal/protobuf/IntArrayList;->equals(Ljava/lang/Object;)Z,core-platform-api,public-api,sdk,system-api,test-api
Landroid/provider/configinfra/internal/protobuf/IntArrayList;->get(I)Ljava/lang/Object;,core-platform-api,public-api,sdk,system-api,test-api
Landroid/provider/configinfra/internal/protobuf/IntArrayList;->hashCode()I,core-platform-api,public-api,sdk,system-api,test-api
Landroid/provider/configinfra/internal/protobuf/IntArrayList;->indexOf(Ljava/lang/Object;)I,core-platform-api,public-api,sdk,system-api,test-api
Landroid/provider/configinfra/internal/protobuf/IntArrayList;->remove(I)Ljava/lang/Object;,core-platform-api,public-api,sdk,system-api,test-api
Landroid/provider/configinfra/internal/protobuf/IntArrayList;->removeRange(II)V,core-platform-api,public-api,sdk,system-api,test-api
Landroid/provider/configinfra/internal/protobuf/IntArrayList;->set(ILjava/lang/Object;)Ljava/lang/Object;,core-platform-api,public-api,sdk,system-api,test-api
Landroid/provider/configinfra/internal/protobuf/IntArrayList;->size()I,core-platform-api,public-api,sdk,system-api,test-api
Landroid/provider/configinfra/internal/protobuf/Internal$ListAdapter;->get(I)Ljava/lang/Object;,core-platform-api,public-api,sdk,system-api,test-api
Landroid/provider/configinfra/internal/protobuf/Internal$ListAdapter;->size()I,core-platform-api,public-api,sdk,system-api,test-api
Landroid/provider/configinfra/internal/protobuf/Internal$MapAdapter$EntryAdapter;->equals(Ljava/lang/Object;)Z,core-platform-api,public-api,sdk,system-api,test-api
Landroid/provider/configinfra/internal/protobuf/Internal$MapAdapter$EntryAdapter;->getKey()Ljava/lang/Object;,core-platform-api,public-api,sdk,system-api,test-api
Landroid/provider/configinfra/internal/protobuf/Internal$MapAdapter$EntryAdapter;->getValue()Ljava/lang/Object;,core-platform-api,public-api,sdk,system-api,test-api
Landroid/provider/configinfra/internal/protobuf/Internal$MapAdapter$EntryAdapter;->hashCode()I,core-platform-api,public-api,sdk,system-api,test-api
Landroid/provider/configinfra/internal/protobuf/Internal$MapAdapter$EntryAdapter;->setValue(Ljava/lang/Object;)Ljava/lang/Object;,core-platform-api,public-api,sdk,system-api,test-api
Landroid/provider/configinfra/internal/protobuf/Internal$MapAdapter$IteratorAdapter;->hasNext()Z,core-platform-api,public-api,sdk,system-api,test-api
Landroid/provider/configinfra/internal/protobuf/Internal$MapAdapter$IteratorAdapter;->next()Ljava/lang/Object;,core-platform-api,public-api,sdk,system-api,test-api
Landroid/provider/configinfra/internal/protobuf/Internal$MapAdapter$IteratorAdapter;->remove()V,core-platform-api,public-api,sdk,system-api,test-api
Landroid/provider/configinfra/internal/protobuf/Internal$MapAdapter$SetAdapter;->iterator()Ljava/util/Iterator;,core-platform-api,public-api,sdk,system-api,test-api
Landroid/provider/configinfra/internal/protobuf/Internal$MapAdapter$SetAdapter;->size()I,core-platform-api,public-api,sdk,system-api,test-api
Landroid/provider/configinfra/internal/protobuf/Internal$MapAdapter;->entrySet()Ljava/util/Set;,core-platform-api,public-api,sdk,system-api,test-api
Landroid/provider/configinfra/internal/protobuf/Internal$MapAdapter;->get(Ljava/lang/Object;)Ljava/lang/Object;,core-platform-api,public-api,sdk,system-api,test-api
Landroid/provider/configinfra/internal/protobuf/Internal$MapAdapter;->put(Ljava/lang/Object;Ljava/lang/Object;)Ljava/lang/Object;,core-platform-api,public-api,sdk,system-api,test-api
Landroid/provider/configinfra/internal/protobuf/InvalidProtocolBufferException$InvalidWireTypeException;->serialVersionUID:J,sdk
Landroid/provider/configinfra/internal/protobuf/InvalidProtocolBufferException;->serialVersionUID:J,sdk
Landroid/provider/configinfra/internal/protobuf/IterableByteBufferInputStream;->read()I,core-platform-api,public-api,sdk,system-api,test-api
Landroid/provider/configinfra/internal/protobuf/IterableByteBufferInputStream;->read([BII)I,core-platform-api,public-api,sdk,system-api,test-api
Landroid/provider/configinfra/internal/protobuf/LazyField$LazyEntry;->getKey()Ljava/lang/Object;,core-platform-api,public-api,sdk,system-api,test-api
Landroid/provider/configinfra/internal/protobuf/LazyField$LazyEntry;->getValue()Ljava/lang/Object;,core-platform-api,public-api,sdk,system-api,test-api
Landroid/provider/configinfra/internal/protobuf/LazyField$LazyEntry;->setValue(Ljava/lang/Object;)Ljava/lang/Object;,core-platform-api,public-api,sdk,system-api,test-api
Landroid/provider/configinfra/internal/protobuf/LazyField$LazyIterator;->hasNext()Z,core-platform-api,public-api,sdk,system-api,test-api
Landroid/provider/configinfra/internal/protobuf/LazyField$LazyIterator;->next()Ljava/lang/Object;,core-platform-api,public-api,sdk,system-api,test-api
Landroid/provider/configinfra/internal/protobuf/LazyField$LazyIterator;->remove()V,core-platform-api,public-api,sdk,system-api,test-api
Landroid/provider/configinfra/internal/protobuf/LazyField;->equals(Ljava/lang/Object;)Z,core-platform-api,public-api,sdk,system-api,test-api
Landroid/provider/configinfra/internal/protobuf/LazyField;->hashCode()I,core-platform-api,public-api,sdk,system-api,test-api
Landroid/provider/configinfra/internal/protobuf/LazyField;->toString()Ljava/lang/String;,core-platform-api,public-api,sdk,system-api,test-api
Landroid/provider/configinfra/internal/protobuf/LazyFieldLite;->equals(Ljava/lang/Object;)Z,core-platform-api,public-api,sdk,system-api,test-api
Landroid/provider/configinfra/internal/protobuf/LazyFieldLite;->hashCode()I,core-platform-api,public-api,sdk,system-api,test-api
Landroid/provider/configinfra/internal/protobuf/LazyStringArrayList$ByteArrayListView;->add(ILjava/lang/Object;)V,core-platform-api,public-api,sdk,system-api,test-api
Landroid/provider/configinfra/internal/protobuf/LazyStringArrayList$ByteArrayListView;->get(I)Ljava/lang/Object;,core-platform-api,public-api,sdk,system-api,test-api
Landroid/provider/configinfra/internal/protobuf/LazyStringArrayList$ByteArrayListView;->remove(I)Ljava/lang/Object;,core-platform-api,public-api,sdk,system-api,test-api
Landroid/provider/configinfra/internal/protobuf/LazyStringArrayList$ByteArrayListView;->set(ILjava/lang/Object;)Ljava/lang/Object;,core-platform-api,public-api,sdk,system-api,test-api
Landroid/provider/configinfra/internal/protobuf/LazyStringArrayList$ByteArrayListView;->size()I,core-platform-api,public-api,sdk,system-api,test-api
Landroid/provider/configinfra/internal/protobuf/LazyStringArrayList$ByteStringListView;->add(ILjava/lang/Object;)V,core-platform-api,public-api,sdk,system-api,test-api
Landroid/provider/configinfra/internal/protobuf/LazyStringArrayList$ByteStringListView;->get(I)Ljava/lang/Object;,core-platform-api,public-api,sdk,system-api,test-api
Landroid/provider/configinfra/internal/protobuf/LazyStringArrayList$ByteStringListView;->remove(I)Ljava/lang/Object;,core-platform-api,public-api,sdk,system-api,test-api
Landroid/provider/configinfra/internal/protobuf/LazyStringArrayList$ByteStringListView;->set(ILjava/lang/Object;)Ljava/lang/Object;,core-platform-api,public-api,sdk,system-api,test-api
Landroid/provider/configinfra/internal/protobuf/LazyStringArrayList$ByteStringListView;->size()I,core-platform-api,public-api,sdk,system-api,test-api
Landroid/provider/configinfra/internal/protobuf/LazyStringArrayList;->add(ILjava/lang/Object;)V,core-platform-api,public-api,sdk,system-api,test-api
Landroid/provider/configinfra/internal/protobuf/LazyStringArrayList;->add(Ljava/lang/Object;)Z,core-platform-api,public-api,sdk,system-api,test-api
Landroid/provider/configinfra/internal/protobuf/LazyStringArrayList;->addAll(ILjava/util/Collection;)Z,core-platform-api,public-api,sdk,system-api,test-api
Landroid/provider/configinfra/internal/protobuf/LazyStringArrayList;->addAll(Ljava/util/Collection;)Z,core-platform-api,public-api,sdk,system-api,test-api
Landroid/provider/configinfra/internal/protobuf/LazyStringArrayList;->clear()V,core-platform-api,public-api,sdk,system-api,test-api
Landroid/provider/configinfra/internal/protobuf/LazyStringArrayList;->equals(Ljava/lang/Object;)Z,core-platform-api,public-api,sdk,system-api,test-api
Landroid/provider/configinfra/internal/protobuf/LazyStringArrayList;->get(I)Ljava/lang/Object;,core-platform-api,public-api,sdk,system-api,test-api
Landroid/provider/configinfra/internal/protobuf/LazyStringArrayList;->hashCode()I,core-platform-api,public-api,sdk,system-api,test-api
Landroid/provider/configinfra/internal/protobuf/LazyStringArrayList;->remove(I)Ljava/lang/Object;,core-platform-api,public-api,sdk,system-api,test-api
Landroid/provider/configinfra/internal/protobuf/LazyStringArrayList;->remove(Ljava/lang/Object;)Z,core-platform-api,public-api,sdk,system-api,test-api
Landroid/provider/configinfra/internal/protobuf/LazyStringArrayList;->removeAll(Ljava/util/Collection;)Z,core-platform-api,public-api,sdk,system-api,test-api
Landroid/provider/configinfra/internal/protobuf/LazyStringArrayList;->retainAll(Ljava/util/Collection;)Z,core-platform-api,public-api,sdk,system-api,test-api
Landroid/provider/configinfra/internal/protobuf/LazyStringArrayList;->set(ILjava/lang/Object;)Ljava/lang/Object;,core-platform-api,public-api,sdk,system-api,test-api
Landroid/provider/configinfra/internal/protobuf/LazyStringArrayList;->size()I,core-platform-api,public-api,sdk,system-api,test-api
Landroid/provider/configinfra/internal/protobuf/LongArrayList;->add(ILjava/lang/Object;)V,core-platform-api,public-api,sdk,system-api,test-api
Landroid/provider/configinfra/internal/protobuf/LongArrayList;->add(Ljava/lang/Object;)Z,core-platform-api,public-api,sdk,system-api,test-api
Landroid/provider/configinfra/internal/protobuf/LongArrayList;->addAll(Ljava/util/Collection;)Z,core-platform-api,public-api,sdk,system-api,test-api
Landroid/provider/configinfra/internal/protobuf/LongArrayList;->contains(Ljava/lang/Object;)Z,core-platform-api,public-api,sdk,system-api,test-api
Landroid/provider/configinfra/internal/protobuf/LongArrayList;->equals(Ljava/lang/Object;)Z,core-platform-api,public-api,sdk,system-api,test-api
Landroid/provider/configinfra/internal/protobuf/LongArrayList;->get(I)Ljava/lang/Object;,core-platform-api,public-api,sdk,system-api,test-api
Landroid/provider/configinfra/internal/protobuf/LongArrayList;->hashCode()I,core-platform-api,public-api,sdk,system-api,test-api
Landroid/provider/configinfra/internal/protobuf/LongArrayList;->indexOf(Ljava/lang/Object;)I,core-platform-api,public-api,sdk,system-api,test-api
Landroid/provider/configinfra/internal/protobuf/LongArrayList;->remove(I)Ljava/lang/Object;,core-platform-api,public-api,sdk,system-api,test-api
Landroid/provider/configinfra/internal/protobuf/LongArrayList;->removeRange(II)V,core-platform-api,public-api,sdk,system-api,test-api
Landroid/provider/configinfra/internal/protobuf/LongArrayList;->set(ILjava/lang/Object;)Ljava/lang/Object;,core-platform-api,public-api,sdk,system-api,test-api
Landroid/provider/configinfra/internal/protobuf/LongArrayList;->size()I,core-platform-api,public-api,sdk,system-api,test-api
Landroid/provider/configinfra/internal/protobuf/MapFieldLite;->clear()V,core-platform-api,public-api,sdk,system-api,test-api
Landroid/provider/configinfra/internal/protobuf/MapFieldLite;->entrySet()Ljava/util/Set;,core-platform-api,public-api,sdk,system-api,test-api
Landroid/provider/configinfra/internal/protobuf/MapFieldLite;->equals(Ljava/lang/Object;)Z,core-platform-api,public-api,sdk,system-api,test-api
Landroid/provider/configinfra/internal/protobuf/MapFieldLite;->hashCode()I,core-platform-api,public-api,sdk,system-api,test-api
Landroid/provider/configinfra/internal/protobuf/MapFieldLite;->put(Ljava/lang/Object;Ljava/lang/Object;)Ljava/lang/Object;,core-platform-api,public-api,sdk,system-api,test-api
Landroid/provider/configinfra/internal/protobuf/MapFieldLite;->putAll(Ljava/util/Map;)V,core-platform-api,public-api,sdk,system-api,test-api
Landroid/provider/configinfra/internal/protobuf/MapFieldLite;->remove(Ljava/lang/Object;)Ljava/lang/Object;,core-platform-api,public-api,sdk,system-api,test-api
Landroid/provider/configinfra/internal/protobuf/NioByteString$1;->available()I,core-platform-api,public-api,sdk,system-api,test-api
Landroid/provider/configinfra/internal/protobuf/NioByteString$1;->mark(I)V,core-platform-api,public-api,sdk,system-api,test-api
Landroid/provider/configinfra/internal/protobuf/NioByteString$1;->markSupported()Z,core-platform-api,public-api,sdk,system-api,test-api
Landroid/provider/configinfra/internal/protobuf/NioByteString$1;->read()I,core-platform-api,public-api,sdk,system-api,test-api
Landroid/provider/configinfra/internal/protobuf/NioByteString$1;->read([BII)I,core-platform-api,public-api,sdk,system-api,test-api
Landroid/provider/configinfra/internal/protobuf/NioByteString$1;->reset()V,core-platform-api,public-api,sdk,system-api,test-api
Landroid/provider/configinfra/internal/protobuf/NioByteString;->equals(Ljava/lang/Object;)Z,core-platform-api,public-api,sdk,system-api,test-api
Landroid/provider/configinfra/internal/protobuf/NioByteString;->readObject(Ljava/io/ObjectInputStream;)V,sdk
Landroid/provider/configinfra/internal/protobuf/NioByteString;->writeReplace()Ljava/lang/Object;,sdk
Landroid/provider/configinfra/internal/protobuf/ProtobufArrayList;->add(ILjava/lang/Object;)V,core-platform-api,public-api,sdk,system-api,test-api
Landroid/provider/configinfra/internal/protobuf/ProtobufArrayList;->add(Ljava/lang/Object;)Z,core-platform-api,public-api,sdk,system-api,test-api
Landroid/provider/configinfra/internal/protobuf/ProtobufArrayList;->get(I)Ljava/lang/Object;,core-platform-api,public-api,sdk,system-api,test-api
Landroid/provider/configinfra/internal/protobuf/ProtobufArrayList;->remove(I)Ljava/lang/Object;,core-platform-api,public-api,sdk,system-api,test-api
Landroid/provider/configinfra/internal/protobuf/ProtobufArrayList;->set(ILjava/lang/Object;)Ljava/lang/Object;,core-platform-api,public-api,sdk,system-api,test-api
Landroid/provider/configinfra/internal/protobuf/ProtobufArrayList;->size()I,core-platform-api,public-api,sdk,system-api,test-api
Landroid/provider/configinfra/internal/protobuf/RopeByteString$1;->hasNext()Z,core-platform-api,public-api,sdk,system-api,test-api
Landroid/provider/configinfra/internal/protobuf/RopeByteString$PieceIterator;->hasNext()Z,core-platform-api,public-api,sdk,system-api,test-api
Landroid/provider/configinfra/internal/protobuf/RopeByteString$PieceIterator;->next()Ljava/lang/Object;,core-platform-api,public-api,sdk,system-api,test-api
Landroid/provider/configinfra/internal/protobuf/RopeByteString$PieceIterator;->remove()V,core-platform-api,public-api,sdk,system-api,test-api
Landroid/provider/configinfra/internal/protobuf/RopeByteString$RopeInputStream;->available()I,core-platform-api,public-api,sdk,system-api,test-api
Landroid/provider/configinfra/internal/protobuf/RopeByteString$RopeInputStream;->mark(I)V,core-platform-api,public-api,sdk,system-api,test-api
Landroid/provider/configinfra/internal/protobuf/RopeByteString$RopeInputStream;->markSupported()Z,core-platform-api,public-api,sdk,system-api,test-api
Landroid/provider/configinfra/internal/protobuf/RopeByteString$RopeInputStream;->read()I,core-platform-api,public-api,sdk,system-api,test-api
Landroid/provider/configinfra/internal/protobuf/RopeByteString$RopeInputStream;->read([BII)I,core-platform-api,public-api,sdk,system-api,test-api
Landroid/provider/configinfra/internal/protobuf/RopeByteString$RopeInputStream;->reset()V,core-platform-api,public-api,sdk,system-api,test-api
Landroid/provider/configinfra/internal/protobuf/RopeByteString$RopeInputStream;->skip(J)J,core-platform-api,public-api,sdk,system-api,test-api
Landroid/provider/configinfra/internal/protobuf/RopeByteString;->equals(Ljava/lang/Object;)Z,core-platform-api,public-api,sdk,system-api,test-api
Landroid/provider/configinfra/internal/protobuf/RopeByteString;->iterator()Ljava/util/Iterator;,core-platform-api,public-api,sdk,system-api,test-api
Landroid/provider/configinfra/internal/protobuf/RopeByteString;->readObject(Ljava/io/ObjectInputStream;)V,sdk
Landroid/provider/configinfra/internal/protobuf/RopeByteString;->serialVersionUID:J,sdk
Landroid/provider/configinfra/internal/protobuf/RopeByteString;->writeReplace()Ljava/lang/Object;,sdk
Landroid/provider/configinfra/internal/protobuf/SmallSortedMap$DescendingEntryIterator;->hasNext()Z,core-platform-api,public-api,sdk,system-api,test-api
Landroid/provider/configinfra/internal/protobuf/SmallSortedMap$DescendingEntryIterator;->next()Ljava/lang/Object;,core-platform-api,public-api,sdk,system-api,test-api
Landroid/provider/configinfra/internal/protobuf/SmallSortedMap$DescendingEntryIterator;->remove()V,core-platform-api,public-api,sdk,system-api,test-api
Landroid/provider/configinfra/internal/protobuf/SmallSortedMap$DescendingEntrySet;->iterator()Ljava/util/Iterator;,core-platform-api,public-api,sdk,system-api,test-api
Landroid/provider/configinfra/internal/protobuf/SmallSortedMap$EmptySet$1;->hasNext()Z,core-platform-api,public-api,sdk,system-api,test-api
Landroid/provider/configinfra/internal/protobuf/SmallSortedMap$EmptySet$1;->next()Ljava/lang/Object;,core-platform-api,public-api,sdk,system-api,test-api
Landroid/provider/configinfra/internal/protobuf/SmallSortedMap$EmptySet$1;->remove()V,core-platform-api,public-api,sdk,system-api,test-api
Landroid/provider/configinfra/internal/protobuf/SmallSortedMap$EmptySet$2;->iterator()Ljava/util/Iterator;,core-platform-api,public-api,sdk,system-api,test-api
Landroid/provider/configinfra/internal/protobuf/SmallSortedMap$Entry;->compareTo(Ljava/lang/Object;)I,core-platform-api,public-api,sdk,system-api,test-api
Landroid/provider/configinfra/internal/protobuf/SmallSortedMap$Entry;->equals(Ljava/lang/Object;)Z,core-platform-api,public-api,sdk,system-api,test-api
Landroid/provider/configinfra/internal/protobuf/SmallSortedMap$Entry;->getKey()Ljava/lang/Object;,core-platform-api,public-api,sdk,system-api,test-api
Landroid/provider/configinfra/internal/protobuf/SmallSortedMap$Entry;->getValue()Ljava/lang/Object;,core-platform-api,public-api,sdk,system-api,test-api
Landroid/provider/configinfra/internal/protobuf/SmallSortedMap$Entry;->hashCode()I,core-platform-api,public-api,sdk,system-api,test-api
Landroid/provider/configinfra/internal/protobuf/SmallSortedMap$Entry;->setValue(Ljava/lang/Object;)Ljava/lang/Object;,core-platform-api,public-api,sdk,system-api,test-api
Landroid/provider/configinfra/internal/protobuf/SmallSortedMap$Entry;->toString()Ljava/lang/String;,core-platform-api,public-api,sdk,system-api,test-api
Landroid/provider/configinfra/internal/protobuf/SmallSortedMap$EntryIterator;->hasNext()Z,core-platform-api,public-api,sdk,system-api,test-api
Landroid/provider/configinfra/internal/protobuf/SmallSortedMap$EntryIterator;->next()Ljava/lang/Object;,core-platform-api,public-api,sdk,system-api,test-api
Landroid/provider/configinfra/internal/protobuf/SmallSortedMap$EntryIterator;->remove()V,core-platform-api,public-api,sdk,system-api,test-api
Landroid/provider/configinfra/internal/protobuf/SmallSortedMap$EntrySet;->add(Ljava/lang/Object;)Z,core-platform-api,public-api,sdk,system-api,test-api
Landroid/provider/configinfra/internal/protobuf/SmallSortedMap$EntrySet;->clear()V,core-platform-api,public-api,sdk,system-api,test-api
Landroid/provider/configinfra/internal/protobuf/SmallSortedMap$EntrySet;->contains(Ljava/lang/Object;)Z,core-platform-api,public-api,sdk,system-api,test-api
Landroid/provider/configinfra/internal/protobuf/SmallSortedMap$EntrySet;->iterator()Ljava/util/Iterator;,core-platform-api,public-api,sdk,system-api,test-api
Landroid/provider/configinfra/internal/protobuf/SmallSortedMap$EntrySet;->remove(Ljava/lang/Object;)Z,core-platform-api,public-api,sdk,system-api,test-api
Landroid/provider/configinfra/internal/protobuf/SmallSortedMap$EntrySet;->size()I,core-platform-api,public-api,sdk,system-api,test-api
Landroid/provider/configinfra/internal/protobuf/SmallSortedMap;->clear()V,core-platform-api,public-api,sdk,system-api,test-api
Landroid/provider/configinfra/internal/protobuf/SmallSortedMap;->containsKey(Ljava/lang/Object;)Z,core-platform-api,public-api,sdk,system-api,test-api
Landroid/provider/configinfra/internal/protobuf/SmallSortedMap;->entrySet()Ljava/util/Set;,core-platform-api,public-api,sdk,system-api,test-api
Landroid/provider/configinfra/internal/protobuf/SmallSortedMap;->equals(Ljava/lang/Object;)Z,core-platform-api,public-api,sdk,system-api,test-api
Landroid/provider/configinfra/internal/protobuf/SmallSortedMap;->get(Ljava/lang/Object;)Ljava/lang/Object;,core-platform-api,public-api,sdk,system-api,test-api
Landroid/provider/configinfra/internal/protobuf/SmallSortedMap;->hashCode()I,core-platform-api,public-api,sdk,system-api,test-api
Landroid/provider/configinfra/internal/protobuf/SmallSortedMap;->put(Ljava/lang/Object;Ljava/lang/Object;)Ljava/lang/Object;,core-platform-api,public-api,sdk,system-api,test-api
Landroid/provider/configinfra/internal/protobuf/SmallSortedMap;->remove(Ljava/lang/Object;)Ljava/lang/Object;,core-platform-api,public-api,sdk,system-api,test-api
Landroid/provider/configinfra/internal/protobuf/SmallSortedMap;->size()I,core-platform-api,public-api,sdk,system-api,test-api
Landroid/provider/configinfra/internal/protobuf/UninitializedMessageException;->serialVersionUID:J,sdk
Landroid/provider/configinfra/internal/protobuf/UnknownFieldSetLite;->equals(Ljava/lang/Object;)Z,core-platform-api,public-api,sdk,system-api,test-api
Landroid/provider/configinfra/internal/protobuf/UnknownFieldSetLite;->hashCode()I,core-platform-api,public-api,sdk,system-api,test-api
Landroid/provider/configinfra/internal/protobuf/UnmodifiableLazyStringList$1;->add(Ljava/lang/Object;)V,core-platform-api,public-api,sdk,system-api,test-api
Landroid/provider/configinfra/internal/protobuf/UnmodifiableLazyStringList$1;->hasNext()Z,core-platform-api,public-api,sdk,system-api,test-api
Landroid/provider/configinfra/internal/protobuf/UnmodifiableLazyStringList$1;->hasPrevious()Z,core-platform-api,public-api,sdk,system-api,test-api
Landroid/provider/configinfra/internal/protobuf/UnmodifiableLazyStringList$1;->next()Ljava/lang/Object;,core-platform-api,public-api,sdk,system-api,test-api
Landroid/provider/configinfra/internal/protobuf/UnmodifiableLazyStringList$1;->nextIndex()I,core-platform-api,public-api,sdk,system-api,test-api
Landroid/provider/configinfra/internal/protobuf/UnmodifiableLazyStringList$1;->previous()Ljava/lang/Object;,core-platform-api,public-api,sdk,system-api,test-api
Landroid/provider/configinfra/internal/protobuf/UnmodifiableLazyStringList$1;->previousIndex()I,core-platform-api,public-api,sdk,system-api,test-api
Landroid/provider/configinfra/internal/protobuf/UnmodifiableLazyStringList$1;->remove()V,core-platform-api,public-api,sdk,system-api,test-api
Landroid/provider/configinfra/internal/protobuf/UnmodifiableLazyStringList$1;->set(Ljava/lang/Object;)V,core-platform-api,public-api,sdk,system-api,test-api
Landroid/provider/configinfra/internal/protobuf/UnmodifiableLazyStringList$2;->hasNext()Z,core-platform-api,public-api,sdk,system-api,test-api
Landroid/provider/configinfra/internal/protobuf/UnmodifiableLazyStringList$2;->next()Ljava/lang/Object;,core-platform-api,public-api,sdk,system-api,test-api
Landroid/provider/configinfra/internal/protobuf/UnmodifiableLazyStringList$2;->remove()V,core-platform-api,public-api,sdk,system-api,test-api
Landroid/provider/configinfra/internal/protobuf/UnmodifiableLazyStringList;->get(I)Ljava/lang/Object;,core-platform-api,public-api,sdk,system-api,test-api
Landroid/provider/configinfra/internal/protobuf/UnmodifiableLazyStringList;->iterator()Ljava/util/Iterator;,core-platform-api,public-api,sdk,system-api,test-api
Landroid/provider/configinfra/internal/protobuf/UnmodifiableLazyStringList;->listIterator(I)Ljava/util/ListIterator;,core-platform-api,public-api,sdk,system-api,test-api
Landroid/provider/configinfra/internal/protobuf/UnmodifiableLazyStringList;->size()I,core-platform-api,public-api,sdk,system-api,test-api
Landroid/provider/configinfra/internal/protobuf/UnsafeUtil$1;->run()Ljava/lang/Object;,core-platform-api,public-api,sdk,system-api,test-api
Landroid/provider/internal/aconfig/storage/AconfigStorageException;->getMessage()Ljava/lang/String;,core-platform-api,public-api,sdk,system-api,test-api
Landroid/provider/internal/aconfig/storage/FileType;->toString()Ljava/lang/String;,core-platform-api,public-api,sdk,system-api,test-api
Landroid/provider/internal/aconfig/storage/FlagTable$Node;->equals(Ljava/lang/Object;)Z,core-platform-api,public-api,sdk,system-api,test-api
Landroid/provider/internal/aconfig/storage/FlagTable$Node;->hashCode()I,core-platform-api,public-api,sdk,system-api,test-api
Landroid/provider/internal/aconfig/storage/PackageTable$Node;->equals(Ljava/lang/Object;)Z,core-platform-api,public-api,sdk,system-api,test-api
Landroid/provider/internal/aconfig/storage/PackageTable$Node;->hashCode()I,core-platform-api,public-api,sdk,system-api,test-api
Landroid/provider/internal/aconfig/storage/android/util/LongArray;->clone()Ljava/lang/Object;,core-platform-api,public-api,sdk,system-api,test-api
Landroid/provider/x/android/provider/flags/CustomFeatureFlags$$ExternalSyntheticLambda0;->test(Ljava/lang/Object;)Z,core-platform-api,public-api,sdk,system-api,test-api
Landroid/provider/x/android/provider/flags/CustomFeatureFlags$$ExternalSyntheticLambda1;->test(Ljava/lang/Object;)Z,core-platform-api,public-api,sdk,system-api,test-api
Landroid/provider/x/android/provider/flags/CustomFeatureFlags$$ExternalSyntheticLambda2;->test(Ljava/lang/Object;)Z,core-platform-api,public-api,sdk,system-api,test-api
Landroid/provider/x/android/provider/flags/CustomFeatureFlags$$ExternalSyntheticLambda3;->test(Ljava/lang/Object;)Z,core-platform-api,public-api,sdk,system-api,test-api
Landroid/provider/x/android/provider/flags/CustomFeatureFlags$$ExternalSyntheticLambda4;->test(Ljava/lang/Object;)Z,core-platform-api,public-api,sdk,system-api,test-api
Landroid/provider/x/android/provider/flags/CustomFeatureFlags$$ExternalSyntheticLambda5;->test(Ljava/lang/Object;)Z,core-platform-api,public-api,sdk,system-api,test-api
Landroid/provider/x/android/provider/flags/CustomFeatureFlags$$ExternalSyntheticLambda6;->test(Ljava/lang/Object;)Z,core-platform-api,public-api,sdk,system-api,test-api
Landroid/provider/x/android/provider/flags/CustomFeatureFlags$$ExternalSyntheticLambda7;->test(Ljava/lang/Object;)Z,core-platform-api,public-api,sdk,system-api,test-api
Landroid/provider/x/android/provider/flags/CustomFeatureFlags$$ExternalSyntheticLambda8;->test(Ljava/lang/Object;)Z,core-platform-api,public-api,sdk,system-api,test-api
